{
    "loss": 1.5976521968841553,
    "accuracy": 0.8448275923728943
}